student_id,filiere,annee,campus_site,navetteur,interets,disponibilites_libres,promo_groupe,inscription_complete,semestres_valides
ETU0001,Gﾃｩnie Civil,L1,Site_A,oui,art|musique|danse,vendredi_aprem,Gﾃ丑-L1-G4,oui,0
ETU0002,Informatique,L1,Site_C,non,,vendredi_matin,INF-L1-G2,non,2
ETU0003,Commerce,M1,Site_C,oui,,mardi_matin,COM-M1-G4,non,1
ETU0004,ﾃ営onomie,L2,Site_B,oui,,jeudi_matin,ﾃ韻O-L2-G1,non,2
ETU0005,Lettres,M2,Site_A,non,,vendredi_matin|lundi_aprem|jeudi_matin|lundi_matin,LET-M2-G3,non,4
ETU0006,Lettres,M2,Site_A,oui,,mercredi_matin|lundi_aprem,LET-M2-G2,non,0
ETU0007,Biologie,L3,Site_B,oui,,mercredi_aprem|mardi_aprem|mercredi_matin,BIO-L3-G1,non,4
ETU0008,Mﾃｩdecine,M2,Site_A,oui,cinema|danse|art|entrepreneuriat|lecture,lundi_matin|mardi_aprem|vendredi_aprem,Mﾃ吋-M2-G3,oui,3
ETU0009,ﾃ営onomie,L1,Site_C,non,,mardi_aprem|jeudi_aprem|jeudi_matin,ﾃ韻O-L1-G4,non,0
ETU0010,ﾃ営onomie,L2,Site_C,non,,vendredi_aprem|jeudi_matin|vendredi_matin,ﾃ韻O-L2-G3,non,1
ETU0011,Mﾃｩdecine,M2,Site_A,oui,,mardi_matin|jeudi_matin,Mﾃ吋-M2-G1,non,3
ETU0012,Biologie,M2,Site_C,oui,danse|art,vendredi_matin,BIO-M2-G3,oui,2
ETU0013,Gﾃｩnie Civil,L3,Site_B,oui,,vendredi_matin|mardi_matin|lundi_aprem,Gﾃ丑-L3-G3,non,6
ETU0014,Commerce,M2,Site_B,oui,,vendredi_aprem,COM-M2-G3,non,3
ETU0015,Informatique,L1,Site_B,oui,lecture|politique,lundi_aprem,INF-L1-G4,oui,0
ETU0016,Commerce,L2,Site_B,non,,mercredi_matin|vendredi_matin,COM-L2-G4,non,1
ETU0017,Commerce,L2,Site_B,non,photographie|entrepreneuriat|langues|musique,mardi_aprem|lundi_aprem,COM-L2-G3,oui,0
ETU0018,Architecture,M2,Site_A,oui,,lundi_matin,ARC-M2-G2,non,0
ETU0019,Informatique,L3,Site_A,oui,,mardi_aprem|vendredi_matin|mardi_matin|mercredi_aprem,INF-L3-G4,non,1
ETU0020,Physique,M1,Site_A,non,,mercredi_aprem|jeudi_matin|vendredi_matin|mardi_aprem,PHY-M1-G1,non,2
ETU0021,Gﾃｩnie Civil,L1,Site_B,oui,,mardi_aprem|vendredi_aprem,Gﾃ丑-L1-G4,non,0
ETU0022,Biologie,L2,Site_A,oui,,vendredi_matin|lundi_aprem|lundi_matin|mercredi_aprem,BIO-L2-G1,non,0
ETU0023,Droit,L2,Site_B,oui,,lundi_matin|mardi_matin|jeudi_matin|vendredi_aprem,DRO-L2-G4,non,2
ETU0024,Physique,L3,Site_C,non,,mardi_matin|mardi_aprem|mercredi_matin|lundi_aprem,PHY-L3-G1,non,4
ETU0025,Commerce,L1,Site_A,oui,entrepreneuriat|coding|langues|jeux-vidﾃｩo|sport,mardi_matin,COM-L1-G1,oui,2
ETU0026,Gﾃｩnie Civil,L2,Site_C,oui,,vendredi_aprem,Gﾃ丑-L2-G1,non,3
ETU0027,Architecture,M2,Site_B,oui,,mardi_aprem|mercredi_matin|jeudi_matin,ARC-M2-G2,non,2
ETU0028,Physique,L3,Site_A,oui,politique|langues|musique|gaming|entrepreneuriat,vendredi_matin|mercredi_matin,PHY-L3-G2,oui,2
ETU0029,Gﾃｩnie Civil,L2,Site_A,oui,,vendredi_aprem|vendredi_matin|lundi_matin,Gﾃ丑-L2-G3,non,0
ETU0030,Mﾃｩdecine,L3,Site_A,non,,mercredi_matin|vendredi_aprem,Mﾃ吋-L3-G2,non,5
ETU0031,Lettres,L2,Site_B,non,cinema|coding|sport|musique|danse,mercredi_matin|lundi_matin|vendredi_matin|mardi_matin,LET-L2-G2,oui,2
ETU0032,Mﾃｩdecine,M1,Site_B,non,,lundi_aprem,Mﾃ吋-M1-G1,non,2
ETU0033,Mﾃｩdecine,M2,Site_B,non,,jeudi_matin|mardi_matin,Mﾃ吋-M2-G1,non,2
ETU0034,Lettres,L1,Site_A,non,danse|musique|voyage,vendredi_aprem|mardi_matin|mardi_aprem|jeudi_matin,LET-L1-G2,oui,0
ETU0035,Biologie,L1,Site_B,oui,,mercredi_matin|mardi_matin,BIO-L1-G1,non,1
ETU0036,Informatique,M1,Site_B,oui,,mardi_aprem|vendredi_aprem|lundi_matin,INF-M1-G2,non,1
ETU0037,Lettres,L3,Site_B,oui,danse|coding|entrepreneuriat|voyage|sport,mercredi_matin,LET-L3-G2,oui,4
ETU0038,ﾃ営onomie,L1,Site_B,oui,,jeudi_matin|vendredi_matin|lundi_aprem,ﾃ韻O-L1-G4,non,2
ETU0039,Droit,L3,Site_B,oui,,mercredi_aprem|jeudi_matin,DRO-L3-G1,non,5
ETU0040,Lettres,M2,Site_A,non,,vendredi_matin|mercredi_matin|jeudi_matin,LET-M2-G3,non,3
ETU0041,ﾃ営onomie,M2,Site_B,non,,mardi_matin|mercredi_matin|jeudi_matin|vendredi_matin,ﾃ韻O-M2-G1,non,2
ETU0042,ﾃ営onomie,L2,Site_C,non,,jeudi_aprem|vendredi_aprem|vendredi_matin,ﾃ韻O-L2-G2,non,4
ETU0043,Physique,L2,Site_B,non,musique|coding|gaming|lecture,mardi_aprem|vendredi_aprem|mardi_matin,PHY-L2-G1,oui,0
ETU0044,Droit,M1,Site_A,oui,langues|danse|politique|lecture|cuisine,jeudi_matin|mardi_aprem|mardi_matin|mercredi_aprem,DRO-M1-G1,oui,0
ETU0045,Biologie,L2,Site_C,non,,lundi_matin|vendredi_matin|mardi_aprem|jeudi_matin,BIO-L2-G1,non,3
ETU0046,Mﾃｩdecine,M1,Site_C,non,gaming|photographie|politique|art,vendredi_matin|jeudi_aprem|mardi_matin|mercredi_aprem,Mﾃ吋-M1-G4,oui,1
ETU0047,ﾃ営onomie,L2,Site_B,non,danse|lecture|cinema|photographie|musique,mardi_aprem|mercredi_matin|mercredi_aprem,ﾃ韻O-L2-G3,oui,4
ETU0048,Gﾃｩnie Civil,L2,Site_B,non,,mardi_aprem|lundi_aprem,Gﾃ丑-L2-G4,non,3
ETU0049,Lettres,M2,Site_A,oui,,jeudi_matin|lundi_matin|vendredi_aprem|mardi_aprem,LET-M2-G1,non,2
ETU0050,ﾃ営onomie,M1,Site_B,non,photographie|lecture|cinema,jeudi_aprem|lundi_matin|jeudi_matin|mardi_matin,ﾃ韻O-M1-G4,oui,2
ETU0051,Mﾃｩdecine,M1,Site_C,non,langues|cuisine,lundi_aprem,Mﾃ吋-M1-G4,oui,0
ETU0052,Physique,L2,Site_B,oui,,jeudi_aprem|mercredi_aprem,PHY-L2-G3,non,3
ETU0053,ﾃ営onomie,M1,Site_A,oui,,vendredi_matin,ﾃ韻O-M1-G1,non,1
ETU0054,Droit,L1,Site_C,oui,lecture|langues,vendredi_aprem,DRO-L1-G2,oui,0
ETU0055,Mﾃｩdecine,M1,Site_C,oui,art|cinema|gaming|voyage|jeux-vidﾃｩo,mardi_matin,Mﾃ吋-M1-G3,oui,0
ETU0056,Architecture,L1,Site_C,non,cuisine|art|lecture|musique|politique,lundi_aprem|mercredi_matin,ARC-L1-G1,oui,2
ETU0057,Informatique,L3,Site_C,oui,,vendredi_matin,INF-L3-G3,non,0
ETU0058,Biologie,M1,Site_B,non,,mardi_matin|jeudi_matin|vendredi_aprem|mercredi_aprem,BIO-M1-G3,non,2
ETU0059,Commerce,M1,Site_C,non,,mercredi_aprem|mardi_aprem|lundi_aprem,COM-M1-G3,non,1
ETU0060,Droit,M1,Site_C,oui,,lundi_matin|jeudi_aprem|mercredi_aprem,DRO-M1-G2,non,1
ETU0061,Droit,L3,Site_B,oui,entrepreneuriat|sport|langues|lecture,mardi_aprem,DRO-L3-G4,oui,3
ETU0062,Commerce,L2,Site_C,non,photographie|gaming|sport|musique|cinema,jeudi_matin|mardi_aprem,COM-L2-G3,oui,4
ETU0063,Lettres,M1,Site_B,oui,,mercredi_aprem|jeudi_aprem|mercredi_matin,LET-M1-G3,non,1
ETU0064,Droit,L1,Site_B,oui,lecture|langues|art,mercredi_matin|vendredi_matin|vendredi_aprem|lundi_matin,DRO-L1-G2,oui,1
ETU0065,Droit,L3,Site_A,non,,mercredi_matin|lundi_matin,DRO-L3-G1,non,4
ETU0066,ﾃ営onomie,L2,Site_B,oui,politique|cinema,jeudi_aprem|vendredi_aprem|mercredi_aprem|lundi_aprem,ﾃ韻O-L2-G1,oui,2
ETU0067,Physique,L1,Site_B,oui,politique|danse,mardi_matin,PHY-L1-G2,oui,2
ETU0068,ﾃ営onomie,L1,Site_A,non,politique|langues|gaming|coding|lecture,jeudi_aprem|vendredi_aprem|mercredi_matin|jeudi_matin,ﾃ韻O-L1-G4,oui,1
ETU0069,Architecture,M2,Site_C,oui,,mardi_aprem|mercredi_matin,ARC-M2-G1,non,1
ETU0070,Droit,L2,Site_A,oui,,jeudi_aprem|vendredi_aprem|mercredi_matin|lundi_matin,DRO-L2-G2,non,2
ETU0071,ﾃ営onomie,M1,Site_A,oui,,jeudi_matin|lundi_aprem,ﾃ韻O-M1-G2,non,2
ETU0072,Mﾃｩdecine,L3,Site_A,oui,gaming|cinema|politique,jeudi_aprem|lundi_aprem|vendredi_aprem,Mﾃ吋-L3-G3,oui,5
ETU0073,Biologie,L3,Site_B,oui,,vendredi_aprem,BIO-L3-G1,non,3
ETU0074,Lettres,M2,Site_A,oui,,mercredi_matin,LET-M2-G1,non,1
ETU0075,Physique,M2,Site_B,oui,danse|coding|photographie|musique|gaming,jeudi_matin|mercredi_aprem|vendredi_matin,PHY-M2-G1,oui,1
ETU0076,Lettres,M1,Site_B,non,coding|gaming|entrepreneuriat|sport|photographie,mercredi_aprem,LET-M1-G3,oui,1
ETU0077,Gﾃｩnie Civil,M1,Site_A,non,cuisine|sport|lecture|entrepreneuriat|voyage,jeudi_aprem|lundi_matin|mardi_aprem|mardi_matin,Gﾃ丑-M1-G2,oui,1
ETU0078,Physique,M1,Site_C,non,,mardi_matin|mercredi_matin,PHY-M1-G1,non,2
ETU0079,Biologie,L1,Site_A,oui,,mardi_matin,BIO-L1-G4,non,2
ETU0080,ﾃ営onomie,M2,Site_B,oui,lecture|photographie|entrepreneuriat|jeux-vidﾃｩo|cuisine,vendredi_aprem|vendredi_matin,ﾃ韻O-M2-G2,oui,0
ETU0081,ﾃ営onomie,M1,Site_C,oui,,mercredi_matin,ﾃ韻O-M1-G3,non,2
ETU0082,Architecture,M1,Site_B,non,voyage|langues|entrepreneuriat|gaming|cuisine,mercredi_aprem|mardi_aprem|vendredi_matin|mercredi_matin,ARC-M1-G4,oui,0
ETU0083,Biologie,L1,Site_B,non,,jeudi_matin|mardi_matin|jeudi_aprem|lundi_matin,BIO-L1-G2,non,2
ETU0084,Architecture,L3,Site_B,oui,sport|art|jeux-vidﾃｩo|cuisine|danse,lundi_aprem|jeudi_aprem,ARC-L3-G3,oui,2
ETU0085,Architecture,M1,Site_B,non,voyage|danse|art|photographie|entrepreneuriat,vendredi_aprem,ARC-M1-G1,oui,0
ETU0086,ﾃ営onomie,L2,Site_B,oui,photographie|jeux-vidﾃｩo,lundi_matin|vendredi_aprem|mercredi_aprem,ﾃ韻O-L2-G1,oui,2
ETU0087,Lettres,L3,Site_A,non,,vendredi_aprem|mardi_matin|vendredi_matin|lundi_aprem,LET-L3-G1,non,4
ETU0088,Biologie,M2,Site_B,non,lecture|photographie|danse,jeudi_aprem|mercredi_matin|lundi_matin,BIO-M2-G4,oui,2
ETU0089,Commerce,L2,Site_B,non,,jeudi_matin|mercredi_matin|jeudi_aprem,COM-L2-G3,non,1
ETU0090,Biologie,M1,Site_B,non,,vendredi_aprem|mercredi_matin|vendredi_matin,BIO-M1-G1,non,2
ETU0091,Biologie,L3,Site_C,non,,vendredi_aprem,BIO-L3-G4,non,6
ETU0092,ﾃ営onomie,L2,Site_B,oui,politique|cinema|danse,lundi_aprem|lundi_matin,ﾃ韻O-L2-G3,oui,3
ETU0093,Informatique,M2,Site_A,oui,,mercredi_aprem|jeudi_matin|mardi_matin,INF-M2-G2,non,1
ETU0094,Commerce,L3,Site_B,oui,,jeudi_aprem|mercredi_matin|mercredi_aprem,COM-L3-G1,non,3
ETU0095,Gﾃｩnie Civil,L2,Site_A,non,coding|gaming|entrepreneuriat|voyage|musique,lundi_matin|mercredi_matin|lundi_aprem|mardi_aprem,Gﾃ丑-L2-G3,oui,2
ETU0096,Architecture,M1,Site_B,oui,photographie|sport|politique,vendredi_aprem|mardi_aprem|lundi_aprem,ARC-M1-G4,oui,2
ETU0097,ﾃ営onomie,M1,Site_A,oui,,jeudi_aprem|lundi_aprem|vendredi_matin,ﾃ韻O-M1-G2,non,2
ETU0098,Mﾃｩdecine,M1,Site_C,non,,vendredi_aprem|mardi_matin|jeudi_matin|mercredi_aprem,Mﾃ吋-M1-G1,non,1
ETU0099,Architecture,M1,Site_B,oui,lecture|photographie|coding|langues,lundi_aprem|mercredi_aprem|vendredi_matin,ARC-M1-G1,oui,1
ETU0100,ﾃ営onomie,L2,Site_B,oui,danse|langues|politique,lundi_matin,ﾃ韻O-L2-G3,oui,1
ETU0101,Mﾃｩdecine,M2,Site_C,oui,,mardi_aprem|mercredi_aprem,Mﾃ吋-M2-G2,non,4
ETU0102,Informatique,L3,Site_A,oui,gaming|jeux-vidﾃｩo|musique|danse,mardi_matin,INF-L3-G1,oui,2
ETU0103,Droit,M2,Site_A,oui,,mardi_matin,DRO-M2-G4,non,4
ETU0104,Gﾃｩnie Civil,L1,Site_B,non,,jeudi_aprem,Gﾃ丑-L1-G2,non,2
ETU0105,Informatique,M2,Site_C,oui,,jeudi_aprem,INF-M2-G4,non,3
ETU0106,Gﾃｩnie Civil,M1,Site_B,oui,voyage|politique,lundi_aprem|mardi_matin,Gﾃ丑-M1-G3,oui,2
ETU0107,Architecture,M2,Site_B,non,photographie|entrepreneuriat|politique|cuisine,lundi_aprem,ARC-M2-G2,oui,3
ETU0108,Physique,L2,Site_B,oui,,lundi_aprem|mercredi_aprem|jeudi_matin|mardi_matin,PHY-L2-G3,non,2
ETU0109,Mﾃｩdecine,M1,Site_A,oui,,lundi_aprem|mercredi_aprem|mardi_matin|mercredi_matin,Mﾃ吋-M1-G1,non,2
ETU0110,Commerce,M2,Site_A,oui,,jeudi_matin|lundi_matin|mercredi_matin,COM-M2-G3,non,2
ETU0111,Gﾃｩnie Civil,M2,Site_A,non,,mardi_aprem|lundi_aprem|mercredi_aprem|jeudi_matin,Gﾃ丑-M2-G3,non,0
ETU0112,ﾃ営onomie,M2,Site_B,non,,vendredi_aprem,ﾃ韻O-M2-G3,non,0
ETU0113,Mﾃｩdecine,L3,Site_B,oui,sport|jeux-vidﾃｩo|coding|politique,lundi_aprem|mardi_matin|lundi_matin|jeudi_aprem,Mﾃ吋-L3-G2,oui,3
ETU0114,Biologie,M1,Site_B,oui,,vendredi_aprem|lundi_aprem|lundi_matin,BIO-M1-G2,non,0
ETU0115,Architecture,L1,Site_B,oui,photographie|politique|langues|cuisine|cinema,vendredi_matin|lundi_aprem,ARC-L1-G3,oui,1
ETU0116,Gﾃｩnie Civil,L3,Site_C,oui,sport|lecture|cuisine|politique,lundi_matin,Gﾃ丑-L3-G2,oui,2
ETU0117,Droit,L2,Site_B,oui,sport|photographie,mardi_matin|vendredi_aprem|jeudi_matin|mercredi_matin,DRO-L2-G2,oui,4
ETU0118,Commerce,L3,Site_C,oui,,lundi_matin|jeudi_aprem|lundi_aprem|jeudi_matin,COM-L3-G3,non,4
ETU0119,Biologie,M2,Site_C,oui,,lundi_aprem|jeudi_matin|lundi_matin,BIO-M2-G3,non,1
ETU0120,Architecture,M1,Site_B,oui,coding|musique|lecture|cuisine|politique,vendredi_matin|lundi_aprem|jeudi_matin|jeudi_aprem,ARC-M1-G3,oui,2
ETU0121,Lettres,L2,Site_A,oui,,vendredi_matin,LET-L2-G2,non,2
ETU0122,Lettres,L2,Site_A,oui,,mardi_matin|vendredi_aprem,LET-L2-G1,non,1
ETU0123,Physique,M1,Site_C,oui,coding|danse|voyage|jeux-vidﾃｩo,lundi_aprem|jeudi_aprem|vendredi_matin|mercredi_aprem,PHY-M1-G3,oui,1
ETU0124,Architecture,L1,Site_A,oui,,jeudi_aprem|lundi_matin|vendredi_matin|mardi_matin,ARC-L1-G3,non,0
ETU0125,Gﾃｩnie Civil,M2,Site_B,oui,,jeudi_aprem,Gﾃ丑-M2-G2,non,2
ETU0126,Architecture,M1,Site_A,oui,,mercredi_aprem,ARC-M1-G1,non,2
ETU0127,Mﾃｩdecine,L1,Site_B,oui,,mercredi_aprem|vendredi_aprem,Mﾃ吋-L1-G3,non,1
ETU0128,Biologie,L3,Site_A,non,musique|voyage|langues|entrepreneuriat,mercredi_matin|vendredi_aprem|mardi_matin|jeudi_aprem,BIO-L3-G1,oui,4
ETU0129,Mﾃｩdecine,L3,Site_C,non,,mardi_matin|lundi_aprem|mercredi_matin|jeudi_aprem,Mﾃ吋-L3-G4,non,5
ETU0130,Lettres,L2,Site_C,non,danse|langues,vendredi_matin|mercredi_aprem|lundi_matin|mardi_matin,LET-L2-G3,oui,1
ETU0131,Droit,L3,Site_B,oui,jeux-vidﾃｩo|langues|musique,lundi_aprem|vendredi_matin|lundi_matin,DRO-L3-G3,oui,6
ETU0132,Architecture,L2,Site_A,oui,,vendredi_aprem|mardi_matin,ARC-L2-G4,non,0
ETU0133,Biologie,L3,Site_A,oui,gaming|art|langues|photographie,vendredi_matin|mardi_aprem,BIO-L3-G3,oui,6
ETU0134,Physique,L2,Site_C,oui,,mercredi_matin|jeudi_matin|vendredi_matin|lundi_aprem,PHY-L2-G2,non,4
ETU0135,Mﾃｩdecine,L3,Site_B,oui,,vendredi_matin,Mﾃ吋-L3-G1,non,2
ETU0136,Gﾃｩnie Civil,L2,Site_C,oui,,lundi_aprem|mardi_aprem|jeudi_aprem|mardi_matin,Gﾃ丑-L2-G1,non,3
ETU0137,Informatique,M1,Site_A,oui,,mercredi_aprem,INF-M1-G2,non,0
ETU0138,Lettres,L1,Site_C,oui,jeux-vidﾃｩo|sport|cinema,mardi_matin|jeudi_aprem|vendredi_matin|mercredi_matin,LET-L1-G1,oui,0
ETU0139,Informatique,L3,Site_A,non,,lundi_aprem|mercredi_matin|mardi_aprem|mardi_matin,INF-L3-G1,non,0
ETU0140,Droit,M1,Site_C,oui,musique|coding,vendredi_aprem|vendredi_matin|lundi_matin|mercredi_aprem,DRO-M1-G2,oui,2
ETU0141,Mﾃｩdecine,L3,Site_C,oui,,vendredi_aprem|jeudi_matin,Mﾃ吋-L3-G2,non,5
ETU0142,Gﾃｩnie Civil,M2,Site_A,non,cuisine|coding,lundi_matin|jeudi_matin|mercredi_aprem|mardi_matin,Gﾃ丑-M2-G1,oui,2
ETU0143,Gﾃｩnie Civil,L3,Site_C,non,,vendredi_aprem,Gﾃ丑-L3-G3,non,1
ETU0144,Informatique,L3,Site_C,oui,,jeudi_aprem|mardi_matin|vendredi_matin|lundi_matin,INF-L3-G4,non,0
ETU0145,ﾃ営onomie,L2,Site_A,oui,,mercredi_matin|vendredi_matin|jeudi_matin,ﾃ韻O-L2-G4,non,2
ETU0146,Informatique,L2,Site_A,non,,mercredi_matin|lundi_aprem|mercredi_aprem,INF-L2-G4,non,3
ETU0147,Physique,M1,Site_A,oui,,mercredi_aprem|vendredi_matin|mercredi_matin|jeudi_matin,PHY-M1-G1,non,2
ETU0148,Biologie,L1,Site_A,non,,mercredi_aprem|lundi_aprem|vendredi_matin,BIO-L1-G3,non,2
ETU0149,ﾃ営onomie,L3,Site_C,oui,,jeudi_aprem|mercredi_aprem,ﾃ韻O-L3-G4,non,0
ETU0150,Lettres,M2,Site_B,non,musique|danse,mercredi_aprem|vendredi_matin|mardi_matin|lundi_matin,LET-M2-G2,oui,4
ETU0151,Physique,L1,Site_A,non,,mercredi_aprem|jeudi_matin|lundi_matin,PHY-L1-G2,non,2
ETU0152,Physique,L3,Site_A,non,,vendredi_matin|mercredi_aprem,PHY-L3-G4,non,2
ETU0153,ﾃ営onomie,L2,Site_A,non,photographie|entrepreneuriat|cuisine,mercredi_matin,ﾃ韻O-L2-G3,oui,3
ETU0154,Droit,M2,Site_B,oui,,mardi_matin,DRO-M2-G1,non,3
ETU0155,Mﾃｩdecine,M1,Site_C,oui,art|musique|entrepreneuriat|gaming,mercredi_matin|mardi_matin|vendredi_matin,Mﾃ吋-M1-G3,oui,2
ETU0156,Droit,L1,Site_A,oui,sport|voyage|entrepreneuriat|politique|coding,vendredi_matin|mardi_matin|lundi_aprem|lundi_matin,DRO-L1-G3,oui,1
ETU0157,Physique,M2,Site_B,non,,mardi_matin,PHY-M2-G3,non,0
ETU0158,Physique,M1,Site_B,oui,gaming|jeux-vidﾃｩo|cuisine,lundi_aprem,PHY-M1-G2,oui,1
ETU0159,Mﾃｩdecine,L2,Site_C,oui,,vendredi_matin|mercredi_matin|lundi_aprem,Mﾃ吋-L2-G3,non,1
ETU0160,Commerce,L3,Site_B,non,,vendredi_matin,COM-L3-G2,non,4
ETU0161,Architecture,L2,Site_C,non,,vendredi_aprem|lundi_matin|vendredi_matin,ARC-L2-G1,non,0
ETU0162,Architecture,L3,Site_C,oui,photographie|danse,mercredi_matin|jeudi_aprem|mardi_aprem,ARC-L3-G4,oui,2
ETU0163,Physique,L1,Site_A,oui,photographie|langues|lecture|voyage|politique,mercredi_aprem|vendredi_aprem,PHY-L1-G3,oui,1
ETU0164,Mﾃｩdecine,L3,Site_A,oui,,jeudi_aprem|lundi_aprem,Mﾃ吋-L3-G3,non,3
ETU0165,Droit,L2,Site_B,oui,,mardi_aprem|mardi_matin|mercredi_aprem|mercredi_matin,DRO-L2-G3,non,1
ETU0166,Mﾃｩdecine,M1,Site_B,oui,photographie|sport|musique|cuisine,mardi_aprem|vendredi_aprem|mercredi_aprem|lundi_matin,Mﾃ吋-M1-G1,oui,1
ETU0167,Physique,M2,Site_C,non,cinema|entrepreneuriat|sport|musique|cuisine,mercredi_matin|mercredi_aprem,PHY-M2-G4,oui,2
ETU0168,Informatique,M1,Site_C,oui,,vendredi_matin|mercredi_matin|lundi_aprem,INF-M1-G4,non,2
ETU0169,Physique,M2,Site_C,non,,mardi_matin,PHY-M2-G1,non,3
ETU0170,Lettres,L3,Site_B,oui,,vendredi_aprem|vendredi_matin,LET-L3-G4,non,4
ETU0171,Informatique,L1,Site_C,oui,,vendredi_matin|jeudi_aprem|mardi_matin|mercredi_matin,INF-L1-G2,non,1
ETU0172,Architecture,L3,Site_C,non,,vendredi_aprem|mercredi_aprem|jeudi_aprem,ARC-L3-G3,non,3
ETU0173,Informatique,L3,Site_A,oui,,lundi_matin|jeudi_aprem|mercredi_matin,INF-L3-G2,non,5
ETU0174,Informatique,M2,Site_C,non,,mardi_matin|mardi_aprem|lundi_matin|mercredi_matin,INF-M2-G1,non,1
ETU0175,Informatique,M1,Site_A,oui,,jeudi_matin|vendredi_matin,INF-M1-G4,non,2
ETU0176,Informatique,L2,Site_C,oui,,vendredi_matin|jeudi_matin|mercredi_aprem|lundi_aprem,INF-L2-G4,non,4
ETU0177,Lettres,M2,Site_C,non,,vendredi_aprem|jeudi_aprem|mardi_aprem,LET-M2-G2,non,2
ETU0178,Commerce,L3,Site_B,oui,,jeudi_aprem|mercredi_aprem,COM-L3-G4,non,2
ETU0179,Commerce,L3,Site_C,non,,jeudi_matin|mercredi_aprem|mardi_matin|jeudi_aprem,COM-L3-G1,non,2
ETU0180,Gﾃｩnie Civil,L3,Site_C,oui,lecture|langues|entrepreneuriat|cinema|gaming,mardi_matin|lundi_aprem|mardi_aprem,Gﾃ丑-L3-G2,oui,0
ETU0181,Commerce,L2,Site_A,oui,voyage|art|photographie|musique|danse,lundi_matin|vendredi_matin,COM-L2-G2,oui,3
ETU0182,Physique,M1,Site_B,oui,danse|sport|gaming|musique,vendredi_matin|lundi_matin,PHY-M1-G2,oui,1
ETU0183,Mﾃｩdecine,L1,Site_B,oui,langues|art|cinema,lundi_matin,Mﾃ吋-L1-G3,oui,2
ETU0184,Architecture,L1,Site_B,oui,danse|entrepreneuriat|coding|photographie|jeux-vidﾃｩo,mercredi_matin|mardi_aprem|lundi_aprem|mardi_matin,ARC-L1-G2,oui,2
ETU0185,Physique,L3,Site_A,non,gaming|cinema|politique|danse,mardi_matin|jeudi_matin,PHY-L3-G4,oui,4
ETU0186,Lettres,L1,Site_A,oui,,jeudi_aprem|mercredi_aprem,LET-L1-G2,non,0
ETU0187,ﾃ営onomie,M1,Site_B,oui,,vendredi_aprem|lundi_matin|mercredi_matin,ﾃ韻O-M1-G3,non,2
ETU0188,Droit,L1,Site_B,oui,cuisine|danse|entrepreneuriat,lundi_aprem|mercredi_matin|mercredi_aprem,DRO-L1-G2,oui,0
ETU0189,Mﾃｩdecine,M1,Site_C,non,,jeudi_matin|vendredi_matin|jeudi_aprem,Mﾃ吋-M1-G2,non,0
ETU0190,Architecture,L1,Site_C,non,,lundi_aprem|vendredi_aprem|lundi_matin,ARC-L1-G2,non,2
ETU0191,Commerce,L2,Site_C,oui,,mardi_aprem,COM-L2-G4,non,0
ETU0192,Commerce,M1,Site_B,oui,photographie|politique|sport|entrepreneuriat|langues,lundi_matin|jeudi_matin|mercredi_matin,COM-M1-G1,oui,2
ETU0193,Droit,M2,Site_B,oui,,vendredi_matin,DRO-M2-G1,non,0
ETU0194,Physique,L1,Site_A,oui,,mercredi_aprem|jeudi_matin|jeudi_aprem|vendredi_matin,PHY-L1-G4,non,1
ETU0195,Gﾃｩnie Civil,M2,Site_B,oui,,vendredi_matin|jeudi_matin,Gﾃ丑-M2-G2,non,1
ETU0196,Informatique,L1,Site_B,non,entrepreneuriat|cuisine|lecture|gaming|photographie,mardi_matin|mercredi_matin|mardi_aprem,INF-L1-G1,oui,0
ETU0197,Biologie,M2,Site_A,oui,musique|langues|politique,jeudi_aprem,BIO-M2-G1,oui,1
ETU0198,Informatique,M1,Site_C,oui,,mardi_matin,INF-M1-G3,non,0
ETU0199,Architecture,L3,Site_C,oui,,mercredi_matin|mardi_matin,ARC-L3-G2,non,3
ETU0200,ﾃ営onomie,L3,Site_C,non,,jeudi_matin|vendredi_matin,ﾃ韻O-L3-G4,non,0
ETU0201,Lettres,M1,Site_B,non,cuisine|jeux-vidﾃｩo|cinema|langues|coding,mardi_aprem|vendredi_aprem|mercredi_matin|jeudi_matin,LET-M1-G2,oui,1
ETU0202,Informatique,M2,Site_B,non,,jeudi_matin|mardi_aprem,INF-M2-G3,non,1
ETU0203,Lettres,L1,Site_B,oui,sport|cinema|cuisine,lundi_aprem,LET-L1-G2,oui,2
ETU0204,Commerce,L2,Site_B,oui,,mardi_aprem,COM-L2-G2,non,0
ETU0205,Physique,L2,Site_C,oui,langues|lecture|entrepreneuriat|voyage|cinema,jeudi_aprem|vendredi_matin|mercredi_aprem|mardi_matin,PHY-L2-G3,oui,2
ETU0206,Commerce,M1,Site_C,oui,,mardi_aprem|mercredi_aprem|vendredi_matin,COM-M1-G4,non,0
ETU0207,Architecture,L2,Site_A,oui,cinema|jeux-vidﾃｩo|lecture|voyage|gaming,vendredi_aprem|mardi_aprem|jeudi_aprem|mercredi_matin,ARC-L2-G3,oui,2
ETU0208,Physique,M1,Site_C,oui,,mardi_matin|vendredi_matin,PHY-M1-G4,non,0
ETU0209,Commerce,L1,Site_A,non,,lundi_matin,COM-L1-G4,non,0
ETU0210,Droit,L1,Site_A,oui,voyage|sport|politique|danse|art,jeudi_aprem|lundi_matin|vendredi_matin|mercredi_matin,DRO-L1-G4,oui,0
ETU0211,Informatique,M2,Site_C,oui,entrepreneuriat|coding,mardi_matin|lundi_aprem|vendredi_matin|mercredi_matin,INF-M2-G2,oui,1
ETU0212,Droit,M2,Site_B,oui,,lundi_aprem|mercredi_aprem|jeudi_matin|mardi_aprem,DRO-M2-G2,non,1
ETU0213,ﾃ営onomie,L1,Site_C,oui,cuisine|langues,vendredi_matin|jeudi_aprem|lundi_matin|mercredi_aprem,ﾃ韻O-L1-G1,oui,2
ETU0214,Mﾃｩdecine,L1,Site_B,non,,vendredi_aprem|lundi_aprem|lundi_matin,Mﾃ吋-L1-G2,non,0
ETU0215,Architecture,M1,Site_A,non,,vendredi_matin|lundi_matin|mardi_matin,ARC-M1-G3,non,0
ETU0216,Droit,M2,Site_C,oui,,mercredi_matin,DRO-M2-G2,non,4
ETU0217,Droit,M2,Site_B,non,cuisine|gaming|art|jeux-vidﾃｩo,vendredi_matin,DRO-M2-G3,oui,0
ETU0218,Gﾃｩnie Civil,M1,Site_A,oui,,mercredi_aprem|lundi_matin|mercredi_matin|jeudi_matin,Gﾃ丑-M1-G4,non,1
ETU0219,Droit,L3,Site_B,oui,,vendredi_aprem|jeudi_matin,DRO-L3-G1,non,6
ETU0220,Architecture,L3,Site_C,oui,cinema|jeux-vidﾃｩo,mardi_matin|jeudi_matin|mercredi_aprem|vendredi_aprem,ARC-L3-G1,oui,0
ETU0221,Informatique,L3,Site_B,oui,,lundi_aprem|mardi_matin,INF-L3-G4,non,3
ETU0222,Commerce,M2,Site_A,oui,,mercredi_aprem,COM-M2-G1,non,4
ETU0223,Architecture,L3,Site_A,oui,cuisine|gaming|musique|art|entrepreneuriat,vendredi_aprem|vendredi_matin,ARC-L3-G2,oui,5
ETU0224,Biologie,L2,Site_B,oui,,mardi_matin|lundi_aprem|vendredi_aprem|mardi_aprem,BIO-L2-G3,non,3
ETU0225,ﾃ営onomie,M1,Site_B,oui,art|danse|photographie,jeudi_aprem|lundi_aprem,ﾃ韻O-M1-G2,oui,1
ETU0226,Informatique,M1,Site_C,oui,,jeudi_aprem|mercredi_aprem|jeudi_matin,INF-M1-G2,non,1
ETU0227,Lettres,M2,Site_A,oui,jeux-vidﾃｩo|cuisine|voyage|cinema,vendredi_aprem|mardi_aprem|mercredi_aprem|vendredi_matin,LET-M2-G3,oui,3
ETU0228,Lettres,L1,Site_A,non,danse|gaming|entrepreneuriat,jeudi_aprem,LET-L1-G2,oui,1
ETU0229,ﾃ営onomie,L1,Site_B,non,jeux-vidﾃｩo|danse|cinema|lecture|gaming,jeudi_matin|vendredi_aprem,ﾃ韻O-L1-G1,oui,1
ETU0230,Architecture,M1,Site_C,non,,vendredi_matin|lundi_matin|mercredi_aprem|jeudi_aprem,ARC-M1-G1,non,0
ETU0231,Droit,L3,Site_C,oui,,mercredi_aprem|jeudi_matin|lundi_aprem|lundi_matin,DRO-L3-G1,non,2
ETU0232,Droit,M2,Site_C,non,photographie|voyage|cuisine,vendredi_aprem|vendredi_matin|mardi_matin|jeudi_aprem,DRO-M2-G1,oui,3
ETU0233,Gﾃｩnie Civil,L3,Site_A,oui,,mercredi_aprem|mercredi_matin,Gﾃ丑-L3-G3,non,3
ETU0234,Droit,M2,Site_B,oui,,jeudi_aprem|mercredi_aprem|lundi_aprem|mardi_matin,DRO-M2-G1,non,0
ETU0235,Informatique,L3,Site_C,oui,entrepreneuriat|jeux-vidﾃｩo|langues,mercredi_aprem|vendredi_matin,INF-L3-G4,oui,3
ETU0236,Droit,M1,Site_A,non,cuisine|sport|art|politique|lecture,vendredi_aprem|jeudi_matin|vendredi_matin|lundi_matin,DRO-M1-G2,oui,0
ETU0237,ﾃ営onomie,L1,Site_C,oui,,mercredi_aprem|mardi_aprem|jeudi_aprem,ﾃ韻O-L1-G1,non,1
ETU0238,Physique,M2,Site_B,non,politique|cuisine|langues|musique|voyage,jeudi_aprem|mardi_matin|mercredi_matin,PHY-M2-G1,oui,1
ETU0239,Lettres,L1,Site_A,oui,,mardi_matin|vendredi_matin|jeudi_matin,LET-L1-G4,non,2
ETU0240,Mﾃｩdecine,M2,Site_A,oui,,vendredi_matin|mardi_matin,Mﾃ吋-M2-G4,non,2
ETU0241,Mﾃｩdecine,L2,Site_B,non,,mercredi_aprem,Mﾃ吋-L2-G1,non,3
ETU0242,Mﾃｩdecine,L2,Site_C,non,cuisine|danse|photographie|langues|gaming,mardi_matin|lundi_aprem|lundi_matin|jeudi_matin,Mﾃ吋-L2-G2,oui,2
ETU0243,Informatique,L3,Site_B,oui,,vendredi_aprem|jeudi_aprem|lundi_aprem|mercredi_matin,INF-L3-G1,non,2
ETU0244,Commerce,L3,Site_A,non,,vendredi_matin|mardi_aprem|jeudi_matin|lundi_matin,COM-L3-G2,non,2
ETU0245,Informatique,M1,Site_A,oui,,mardi_aprem,INF-M1-G2,non,2
ETU0246,Architecture,L3,Site_C,non,jeux-vidﾃｩo|politique|langues|lecture|art,vendredi_aprem,ARC-L3-G3,oui,4
ETU0247,ﾃ営onomie,M2,Site_B,non,,mercredi_matin|vendredi_aprem|lundi_aprem,ﾃ韻O-M2-G2,non,3
ETU0248,Informatique,L3,Site_A,non,lecture|jeux-vidﾃｩo|art,mardi_aprem|jeudi_matin|jeudi_aprem,INF-L3-G2,oui,4
ETU0249,ﾃ営onomie,M1,Site_A,non,,jeudi_matin,ﾃ韻O-M1-G3,non,2
ETU0250,Lettres,M1,Site_B,non,coding|gaming,jeudi_aprem,LET-M1-G3,oui,0
ETU0251,Commerce,M1,Site_B,oui,,mercredi_matin|mercredi_aprem|vendredi_aprem|mardi_matin,COM-M1-G2,non,2
ETU0252,Physique,L3,Site_A,oui,danse|gaming,lundi_matin|lundi_aprem|mardi_matin|mardi_aprem,PHY-L3-G4,oui,0
ETU0253,Biologie,L2,Site_A,non,jeux-vidﾃｩo|coding|cinema|musique,mercredi_matin|lundi_aprem|mercredi_aprem,BIO-L2-G2,oui,0
ETU0254,Biologie,L3,Site_A,oui,art|musique,mardi_aprem,BIO-L3-G4,oui,0
ETU0255,Mﾃｩdecine,M2,Site_C,oui,,lundi_matin,Mﾃ吋-M2-G3,non,0
ETU0256,Biologie,L2,Site_A,oui,,lundi_aprem,BIO-L2-G1,non,2
ETU0257,Lettres,L3,Site_A,non,,lundi_aprem|vendredi_matin,LET-L3-G1,non,4
ETU0258,Mﾃｩdecine,M1,Site_A,non,,jeudi_matin|jeudi_aprem,Mﾃ吋-M1-G2,non,0
ETU0259,Gﾃｩnie Civil,L2,Site_C,non,voyage|cuisine|langues|jeux-vidﾃｩo|lecture,lundi_aprem|mardi_aprem|mercredi_matin,Gﾃ丑-L2-G1,oui,2
ETU0260,Droit,M2,Site_A,non,cinema|danse|sport|lecture|photographie,lundi_aprem|mardi_aprem|jeudi_aprem|mercredi_aprem,DRO-M2-G1,oui,4
ETU0261,Informatique,L3,Site_A,oui,voyage|entrepreneuriat|danse|jeux-vidﾃｩo|photographie,lundi_matin,INF-L3-G1,oui,0
ETU0262,ﾃ営onomie,L2,Site_A,oui,,vendredi_matin|jeudi_matin|vendredi_aprem,ﾃ韻O-L2-G4,non,0
ETU0263,Commerce,M2,Site_B,oui,musique|entrepreneuriat|lecture|jeux-vidﾃｩo,jeudi_matin|lundi_aprem|mercredi_matin,COM-M2-G4,oui,1
ETU0264,Informatique,L2,Site_B,oui,,vendredi_aprem|lundi_matin|mercredi_matin|mercredi_aprem,INF-L2-G2,non,0
ETU0265,Informatique,L2,Site_A,oui,entrepreneuriat|langues|gaming|art,mardi_matin|mercredi_aprem|vendredi_aprem,INF-L2-G3,oui,0
ETU0266,Informatique,L3,Site_B,non,cinema|art,jeudi_aprem,INF-L3-G4,oui,4
ETU0267,Lettres,L1,Site_C,oui,,mardi_matin|mercredi_matin|lundi_aprem,LET-L1-G1,non,0
ETU0268,Commerce,L1,Site_A,oui,,jeudi_aprem,COM-L1-G3,non,1
ETU0269,Mﾃｩdecine,L2,Site_A,non,lecture|voyage|langues|cuisine|coding,lundi_aprem|mercredi_aprem|vendredi_aprem,Mﾃ吋-L2-G1,oui,1
ETU0270,Droit,M2,Site_B,oui,coding|cinema|gaming|langues|voyage,vendredi_matin,DRO-M2-G4,oui,0
ETU0271,Lettres,L2,Site_B,non,,jeudi_aprem|mercredi_aprem,LET-L2-G4,non,1
ETU0272,Commerce,L2,Site_B,oui,,vendredi_matin|mercredi_aprem,COM-L2-G1,non,2
ETU0273,Informatique,M1,Site_C,oui,lecture|entrepreneuriat,jeudi_matin|jeudi_aprem,INF-M1-G1,oui,0
ETU0274,ﾃ営onomie,L1,Site_A,non,,mercredi_aprem|jeudi_aprem|lundi_aprem|mercredi_matin,ﾃ韻O-L1-G1,non,2
ETU0275,Mﾃｩdecine,M1,Site_C,oui,,mardi_matin|mardi_aprem|mercredi_matin|vendredi_aprem,Mﾃ吋-M1-G3,non,1
ETU0276,Lettres,L3,Site_A,oui,,mardi_matin|lundi_aprem,LET-L3-G2,non,0
ETU0277,Mﾃｩdecine,M1,Site_B,oui,,mardi_aprem|jeudi_aprem|mercredi_matin,Mﾃ吋-M1-G4,non,1
ETU0278,Gﾃｩnie Civil,L1,Site_C,oui,,mardi_aprem,Gﾃ丑-L1-G3,non,0
ETU0279,Gﾃｩnie Civil,L2,Site_B,non,danse|cinema,mardi_matin|lundi_matin|jeudi_matin,Gﾃ丑-L2-G4,oui,4
ETU0280,Commerce,L2,Site_A,oui,,lundi_matin,COM-L2-G1,non,1
ETU0281,Mﾃｩdecine,L2,Site_B,non,politique|langues,lundi_aprem|lundi_matin|vendredi_aprem,Mﾃ吋-L2-G2,oui,3
ETU0282,Mﾃｩdecine,L1,Site_B,oui,photographie|sport,vendredi_aprem|jeudi_matin,Mﾃ吋-L1-G4,oui,1
ETU0283,Informatique,M1,Site_A,oui,langues|jeux-vidﾃｩo|cinema,jeudi_aprem|mardi_matin|lundi_matin,INF-M1-G2,oui,2
ETU0284,ﾃ営onomie,M1,Site_C,oui,,lundi_aprem,ﾃ韻O-M1-G3,non,1
ETU0285,Mﾃｩdecine,M1,Site_C,oui,,jeudi_matin,Mﾃ吋-M1-G3,non,1
ETU0286,Commerce,M1,Site_C,non,,jeudi_matin|mercredi_matin|mardi_matin,COM-M1-G1,non,1
ETU0287,Architecture,L2,Site_B,oui,,vendredi_matin|mercredi_aprem|mardi_aprem|lundi_aprem,ARC-L2-G1,non,1
ETU0288,Droit,L3,Site_C,oui,,vendredi_aprem|jeudi_matin,DRO-L3-G3,non,6
ETU0289,Mﾃｩdecine,L2,Site_B,non,,vendredi_aprem|lundi_matin|mercredi_aprem,Mﾃ吋-L2-G2,non,4
ETU0290,Droit,M1,Site_A,oui,,lundi_aprem,DRO-M1-G1,non,0
ETU0291,Architecture,L2,Site_B,oui,,vendredi_aprem|mardi_aprem|mardi_matin,ARC-L2-G3,non,1
ETU0292,Lettres,L1,Site_C,non,,lundi_aprem|vendredi_matin,LET-L1-G3,non,0
ETU0293,Lettres,M1,Site_B,oui,,mardi_matin|vendredi_aprem|jeudi_matin,LET-M1-G4,non,2
ETU0294,Lettres,L2,Site_C,non,lecture|danse|politique|jeux-vidﾃｩo,mercredi_matin|vendredi_aprem|mardi_matin|lundi_aprem,LET-L2-G1,oui,4
ETU0295,Biologie,M2,Site_C,oui,,vendredi_aprem|lundi_aprem,BIO-M2-G4,non,1
ETU0296,Lettres,L1,Site_B,oui,,mercredi_aprem,LET-L1-G4,non,0
ETU0297,ﾃ営onomie,L2,Site_A,oui,,lundi_aprem|lundi_matin|vendredi_matin,ﾃ韻O-L2-G4,non,3
ETU0298,Biologie,L2,Site_B,oui,entrepreneuriat|cuisine|musique|photographie,mardi_matin|jeudi_aprem,BIO-L2-G1,oui,0
ETU0299,ﾃ営onomie,L1,Site_A,oui,,mardi_matin|jeudi_matin|vendredi_aprem,ﾃ韻O-L1-G1,non,2
ETU0300,Gﾃｩnie Civil,L3,Site_C,oui,,jeudi_matin,Gﾃ丑-L3-G2,non,4
ETU0301,Biologie,L2,Site_B,oui,,jeudi_matin|vendredi_matin,BIO-L2-G3,non,2
ETU0302,ﾃ営onomie,L2,Site_B,non,,mardi_matin|lundi_matin|mercredi_aprem|vendredi_matin,ﾃ韻O-L2-G4,non,0
ETU0303,ﾃ営onomie,M2,Site_A,oui,,mardi_matin|mercredi_matin,ﾃ韻O-M2-G1,non,3
ETU0304,Gﾃｩnie Civil,L3,Site_B,oui,musique|danse|entrepreneuriat|cuisine,mercredi_aprem|jeudi_matin,Gﾃ丑-L3-G3,oui,1
ETU0305,Physique,L1,Site_B,oui,,mercredi_matin|lundi_matin,PHY-L1-G2,non,2
ETU0306,Gﾃｩnie Civil,L1,Site_C,oui,entrepreneuriat|sport|cuisine,vendredi_matin|jeudi_aprem|mardi_aprem|vendredi_aprem,Gﾃ丑-L1-G3,oui,0
ETU0307,Biologie,L1,Site_C,non,,lundi_aprem|jeudi_aprem,BIO-L1-G2,non,0
ETU0308,Droit,L2,Site_B,oui,,mardi_aprem|mardi_matin|mercredi_matin|vendredi_matin,DRO-L2-G1,non,0
ETU0309,Biologie,M2,Site_B,oui,,lundi_matin|vendredi_matin|jeudi_matin|vendredi_aprem,BIO-M2-G4,non,1
ETU0310,Mﾃｩdecine,M2,Site_A,oui,,mercredi_matin,Mﾃ吋-M2-G3,non,3
ETU0311,ﾃ営onomie,M1,Site_C,non,sport|jeux-vidﾃｩo|cinema|cuisine|coding,lundi_matin|jeudi_matin|mercredi_aprem|jeudi_aprem,ﾃ韻O-M1-G2,oui,0
ETU0312,Physique,L3,Site_A,oui,cinema|langues|photographie|art,mardi_aprem,PHY-L3-G2,oui,2
ETU0313,Physique,L3,Site_B,non,,mardi_aprem,PHY-L3-G4,non,1
ETU0314,Biologie,M1,Site_B,oui,musique|cinema|art,mardi_matin|vendredi_matin|lundi_matin|lundi_aprem,BIO-M1-G2,oui,0
ETU0315,Informatique,L2,Site_A,oui,,mercredi_matin|mercredi_aprem,INF-L2-G4,non,4
ETU0316,Biologie,L1,Site_A,oui,politique|photographie|jeux-vidﾃｩo|coding|langues,mercredi_aprem|mardi_matin|mercredi_matin,BIO-L1-G1,oui,1
ETU0317,Informatique,M1,Site_C,oui,,mardi_aprem|vendredi_aprem,INF-M1-G3,non,2
ETU0318,Biologie,M2,Site_C,oui,,mardi_matin|vendredi_aprem|lundi_matin|lundi_aprem,BIO-M2-G3,non,4
ETU0319,ﾃ営onomie,L3,Site_B,oui,,mercredi_matin|mardi_aprem|jeudi_aprem|mardi_matin,ﾃ韻O-L3-G4,non,4
ETU0320,Gﾃｩnie Civil,L1,Site_C,oui,,mercredi_matin|lundi_aprem|jeudi_aprem,Gﾃ丑-L1-G1,non,1
ETU0321,ﾃ営onomie,L3,Site_B,non,lecture|jeux-vidﾃｩo|entrepreneuriat|langues,vendredi_aprem,ﾃ韻O-L3-G4,oui,5
ETU0322,Lettres,L2,Site_C,oui,cinema|cuisine|coding|gaming,vendredi_aprem,LET-L2-G2,oui,2
ETU0323,Droit,M2,Site_B,non,entrepreneuriat|cinema|jeux-vidﾃｩo|danse,mercredi_matin|lundi_aprem,DRO-M2-G4,oui,1
ETU0324,ﾃ営onomie,M2,Site_A,non,danse|musique|lecture|voyage,mercredi_matin|jeudi_matin,ﾃ韻O-M2-G3,oui,2
ETU0325,ﾃ営onomie,M2,Site_A,oui,,vendredi_aprem,ﾃ韻O-M2-G1,non,3
ETU0326,Droit,M2,Site_C,oui,,jeudi_matin|lundi_matin|mardi_matin,DRO-M2-G2,non,1
ETU0327,Lettres,M1,Site_B,oui,coding|art|jeux-vidﾃｩo|musique,mercredi_aprem|mardi_matin|vendredi_aprem|jeudi_aprem,LET-M1-G1,oui,0
ETU0328,Physique,L3,Site_A,non,,jeudi_aprem|lundi_aprem,PHY-L3-G2,non,4
ETU0329,Biologie,M1,Site_B,oui,,lundi_matin,BIO-M1-G2,non,2
ETU0330,Lettres,L1,Site_C,oui,danse|sport,mardi_aprem|mercredi_aprem,LET-L1-G3,oui,0
ETU0331,Gﾃｩnie Civil,M1,Site_B,oui,,lundi_matin,Gﾃ丑-M1-G3,non,1
ETU0332,Physique,M2,Site_B,oui,,mercredi_aprem|jeudi_aprem,PHY-M2-G3,non,1
ETU0333,Mﾃｩdecine,M1,Site_A,non,,mardi_aprem|lundi_matin,Mﾃ吋-M1-G2,non,0
ETU0334,Lettres,L1,Site_C,oui,,vendredi_aprem,LET-L1-G1,non,2
ETU0335,Gﾃｩnie Civil,L1,Site_A,oui,,jeudi_matin|lundi_aprem|mercredi_matin|mardi_aprem,Gﾃ丑-L1-G2,non,0
ETU0336,Informatique,L3,Site_A,non,,vendredi_aprem|mardi_matin|jeudi_matin,INF-L3-G1,non,4
ETU0337,Architecture,L1,Site_A,oui,,vendredi_aprem|mardi_aprem,ARC-L1-G3,non,2
ETU0338,Droit,L3,Site_B,oui,entrepreneuriat|photographie,jeudi_aprem|mercredi_aprem,DRO-L3-G2,oui,0
ETU0339,Informatique,L1,Site_C,non,jeux-vidﾃｩo|musique|gaming|entrepreneuriat|coding,mercredi_matin,INF-L1-G2,oui,1
ETU0340,ﾃ営onomie,L3,Site_A,oui,,mercredi_matin,ﾃ韻O-L3-G3,non,6
ETU0341,Lettres,M1,Site_A,oui,coding|jeux-vidﾃｩo,mercredi_aprem|vendredi_aprem,LET-M1-G4,oui,2
ETU0342,ﾃ営onomie,L1,Site_B,oui,,jeudi_matin,ﾃ韻O-L1-G4,non,1
ETU0343,ﾃ営onomie,M1,Site_B,oui,musique|jeux-vidﾃｩo|art,mardi_matin,ﾃ韻O-M1-G1,oui,1
ETU0344,Architecture,M1,Site_C,oui,politique|cuisine|gaming,vendredi_aprem|lundi_matin|mardi_matin,ARC-M1-G4,oui,1
ETU0345,Gﾃｩnie Civil,M1,Site_A,oui,,lundi_matin|vendredi_matin|mardi_aprem,Gﾃ丑-M1-G3,non,2
ETU0346,Commerce,M2,Site_C,non,,jeudi_aprem|mercredi_aprem,COM-M2-G4,non,1
ETU0347,Commerce,M2,Site_C,oui,,jeudi_aprem|mardi_matin|lundi_aprem|jeudi_matin,COM-M2-G4,non,2
ETU0348,Droit,L3,Site_A,non,entrepreneuriat|danse|cuisine,mardi_aprem|lundi_aprem|jeudi_aprem|vendredi_aprem,DRO-L3-G4,oui,0
ETU0349,Physique,M1,Site_B,non,,lundi_aprem,PHY-M1-G4,non,1
ETU0350,Informatique,M2,Site_A,non,,vendredi_matin|vendredi_aprem|mardi_aprem,INF-M2-G4,non,2
ETU0351,Lettres,L1,Site_B,oui,art|danse|voyage|langues|photographie,lundi_aprem,LET-L1-G2,oui,0
ETU0352,Lettres,L3,Site_B,non,art|musique|sport|jeux-vidﾃｩo,mardi_matin|jeudi_matin|lundi_aprem|vendredi_aprem,LET-L3-G2,oui,1
ETU0353,Gﾃｩnie Civil,M1,Site_A,non,,lundi_aprem|jeudi_matin|lundi_matin,Gﾃ丑-M1-G1,non,1
ETU0354,Physique,M2,Site_A,oui,entrepreneuriat|art,vendredi_matin,PHY-M2-G4,oui,4
ETU0355,Physique,M2,Site_A,non,art|coding|jeux-vidﾃｩo,jeudi_matin,PHY-M2-G3,oui,4
ETU0356,Biologie,M1,Site_C,oui,cuisine|voyage|cinema|photographie,mardi_matin|jeudi_matin,BIO-M1-G3,oui,2
ETU0357,Commerce,L3,Site_C,non,lecture|langues|politique,mercredi_aprem|mardi_matin|vendredi_matin,COM-L3-G3,oui,5
ETU0358,Gﾃｩnie Civil,L3,Site_C,non,,vendredi_matin|mercredi_matin|jeudi_matin|jeudi_aprem,Gﾃ丑-L3-G1,non,4
ETU0359,Gﾃｩnie Civil,L1,Site_A,non,,mardi_aprem,Gﾃ丑-L1-G3,non,0
ETU0360,ﾃ営onomie,L3,Site_A,non,,mardi_aprem|vendredi_matin|lundi_matin,ﾃ韻O-L3-G3,non,6
ETU0361,Physique,L1,Site_C,non,art|danse|entrepreneuriat,mardi_aprem|vendredi_matin|mercredi_matin|mercredi_aprem,PHY-L1-G1,oui,1
ETU0362,Biologie,M1,Site_C,oui,sport|art,mardi_aprem|jeudi_aprem|vendredi_aprem,BIO-M1-G3,oui,2
ETU0363,Commerce,M2,Site_C,oui,,jeudi_aprem|mardi_matin|lundi_aprem,COM-M2-G2,non,1
ETU0364,Commerce,L1,Site_B,oui,,mardi_matin|vendredi_aprem|mercredi_matin,COM-L1-G1,non,1
ETU0365,Physique,L2,Site_B,non,,vendredi_aprem,PHY-L2-G3,non,3
ETU0366,Architecture,M2,Site_C,oui,,mardi_matin|vendredi_matin,ARC-M2-G1,non,4
ETU0367,Mﾃｩdecine,M1,Site_B,oui,,mardi_aprem|vendredi_aprem|mercredi_aprem,Mﾃ吋-M1-G3,non,1
ETU0368,ﾃ営onomie,L2,Site_C,non,entrepreneuriat|coding|gaming|danse|sport,mercredi_aprem,ﾃ韻O-L2-G4,oui,1
ETU0369,Architecture,M2,Site_A,non,,jeudi_matin|lundi_aprem|vendredi_aprem,ARC-M2-G3,non,4
ETU0370,ﾃ営onomie,L1,Site_B,non,photographie|sport|cinema|danse|lecture,vendredi_matin|lundi_aprem|vendredi_aprem,ﾃ韻O-L1-G2,oui,2
ETU0371,Commerce,L1,Site_A,non,coding|danse|cuisine,mardi_aprem,COM-L1-G4,oui,2
ETU0372,Gﾃｩnie Civil,L2,Site_C,oui,,lundi_aprem,Gﾃ丑-L2-G1,non,0
ETU0373,Mﾃｩdecine,L3,Site_C,oui,,jeudi_matin|vendredi_aprem|jeudi_aprem,Mﾃ吋-L3-G4,non,3
ETU0374,Lettres,L1,Site_A,non,,vendredi_aprem,LET-L1-G1,non,2
ETU0375,Architecture,L1,Site_A,oui,cinema|gaming,vendredi_aprem|lundi_aprem|mercredi_matin,ARC-L1-G4,oui,1
ETU0376,Biologie,L1,Site_C,oui,,jeudi_matin|vendredi_matin,BIO-L1-G3,non,2
ETU0377,Mﾃｩdecine,L3,Site_C,non,sport|entrepreneuriat|coding|jeux-vidﾃｩo,lundi_matin,Mﾃ吋-L3-G1,oui,4
ETU0378,Architecture,M1,Site_A,oui,,mercredi_aprem|mardi_aprem,ARC-M1-G4,non,2
ETU0379,Commerce,L2,Site_A,non,,mardi_aprem|lundi_aprem|mardi_matin,COM-L2-G1,non,4
ETU0380,Physique,M2,Site_C,oui,,lundi_aprem|mardi_aprem|jeudi_aprem,PHY-M2-G3,non,2
ETU0381,Mﾃｩdecine,L2,Site_C,oui,,mercredi_aprem|jeudi_aprem,Mﾃ吋-L2-G4,non,2
ETU0382,Architecture,L3,Site_A,non,gaming|voyage|cuisine|jeux-vidﾃｩo,mercredi_aprem,ARC-L3-G2,oui,6
ETU0383,Droit,M1,Site_B,oui,,jeudi_aprem|vendredi_aprem|vendredi_matin,DRO-M1-G3,non,1
ETU0384,Physique,M2,Site_C,non,,mercredi_matin,PHY-M2-G2,non,4
ETU0385,Droit,L3,Site_C,oui,langues|sport,vendredi_aprem,DRO-L3-G4,oui,6
ETU0386,Architecture,L2,Site_C,oui,danse|gaming|jeux-vidﾃｩo|voyage|cuisine,vendredi_aprem|mercredi_matin,ARC-L2-G2,oui,3
ETU0387,Commerce,M2,Site_B,non,,mardi_aprem,COM-M2-G2,non,4
ETU0388,Mﾃｩdecine,M1,Site_C,non,,jeudi_aprem|mercredi_aprem,Mﾃ吋-M1-G1,non,0
ETU0389,Physique,L2,Site_B,oui,,mardi_aprem,PHY-L2-G3,non,3
ETU0390,Physique,M1,Site_A,non,musique|art|entrepreneuriat|danse,mercredi_matin|vendredi_matin|mardi_matin,PHY-M1-G4,oui,2
ETU0391,Biologie,L3,Site_A,non,,jeudi_matin|mardi_aprem|vendredi_aprem,BIO-L3-G3,non,6
ETU0392,Lettres,M1,Site_C,oui,photographie|jeux-vidﾃｩo|lecture,vendredi_matin,LET-M1-G3,oui,0
ETU0393,Mﾃｩdecine,L2,Site_C,non,,mardi_aprem,Mﾃ吋-L2-G4,non,2
ETU0394,Gﾃｩnie Civil,M1,Site_B,oui,danse|coding|cuisine,mardi_aprem,Gﾃ丑-M1-G1,oui,0
ETU0395,Architecture,M2,Site_C,non,,vendredi_aprem,ARC-M2-G2,non,0
ETU0396,Mﾃｩdecine,L3,Site_C,oui,langues|art,lundi_aprem|mardi_aprem|jeudi_aprem,Mﾃ吋-L3-G4,oui,6
ETU0397,Physique,L2,Site_B,non,,vendredi_aprem|mardi_matin,PHY-L2-G3,non,1
ETU0398,Lettres,M1,Site_A,oui,,jeudi_matin|mardi_matin|lundi_aprem|lundi_matin,LET-M1-G2,non,2
ETU0399,Commerce,M1,Site_C,oui,photographie|politique|coding,vendredi_matin,COM-M1-G1,oui,0
ETU0400,Physique,L2,Site_C,oui,entrepreneuriat|cuisine|voyage|sport|langues,mardi_aprem|jeudi_aprem|jeudi_matin|mardi_matin,PHY-L2-G1,oui,3
ETU0401,Mﾃｩdecine,L3,Site_A,oui,,vendredi_aprem|vendredi_matin|jeudi_matin,Mﾃ吋-L3-G3,non,1
ETU0402,Informatique,L1,Site_A,non,,jeudi_matin,INF-L1-G2,non,2
ETU0403,Lettres,M1,Site_A,oui,,mercredi_matin|vendredi_matin|jeudi_matin,LET-M1-G3,non,2
ETU0404,ﾃ営onomie,M1,Site_B,non,jeux-vidﾃｩo|voyage|entrepreneuriat|gaming|photographie,mercredi_matin|mercredi_aprem|jeudi_matin,ﾃ韻O-M1-G2,oui,2
ETU0405,Gﾃｩnie Civil,L2,Site_C,oui,,mardi_aprem,Gﾃ丑-L2-G4,non,2
ETU0406,Commerce,M2,Site_C,oui,cuisine|danse|sport,mardi_matin,COM-M2-G4,oui,4
ETU0407,Biologie,L1,Site_A,oui,,vendredi_aprem,BIO-L1-G1,non,2
ETU0408,Biologie,M1,Site_C,oui,gaming|coding,jeudi_aprem|vendredi_aprem,BIO-M1-G1,oui,0
ETU0409,Commerce,L3,Site_C,non,,vendredi_aprem|mardi_matin,COM-L3-G1,non,2
ETU0410,Droit,L1,Site_A,oui,voyage|danse|cuisine|gaming|politique,vendredi_matin|lundi_matin,DRO-L1-G1,oui,0
ETU0411,Commerce,L3,Site_C,non,voyage|coding|cinema|lecture,jeudi_aprem|jeudi_matin,COM-L3-G1,oui,2
ETU0412,Mﾃｩdecine,M1,Site_C,oui,,mercredi_aprem|lundi_aprem|mercredi_matin,Mﾃ吋-M1-G3,non,2
ETU0413,Physique,M1,Site_A,oui,,jeudi_aprem|lundi_matin|vendredi_aprem|vendredi_matin,PHY-M1-G3,non,0
ETU0414,Biologie,L2,Site_A,oui,voyage|entrepreneuriat|coding|sport|cinema,mercredi_matin|lundi_aprem,BIO-L2-G4,oui,2
ETU0415,Gﾃｩnie Civil,M2,Site_B,oui,lecture|politique|cinema|jeux-vidﾃｩo,jeudi_aprem|mardi_aprem,Gﾃ丑-M2-G2,oui,1
ETU0416,ﾃ営onomie,L2,Site_A,non,,mardi_matin|lundi_aprem|vendredi_matin,ﾃ韻O-L2-G1,non,3
ETU0417,Architecture,L1,Site_C,oui,voyage|politique|langues|photographie|coding,jeudi_aprem|mardi_matin|mercredi_matin,ARC-L1-G4,oui,0
ETU0418,Architecture,L2,Site_B,oui,,vendredi_matin,ARC-L2-G3,non,3
ETU0419,Mﾃｩdecine,M1,Site_C,non,voyage|art|sport|gaming|danse,jeudi_matin|lundi_aprem,Mﾃ吋-M1-G3,oui,1
ETU0420,Architecture,L3,Site_B,oui,,jeudi_aprem|mercredi_aprem|vendredi_matin,ARC-L3-G2,non,3
ETU0421,Biologie,L2,Site_B,oui,,mercredi_matin|jeudi_aprem|mardi_matin|vendredi_aprem,BIO-L2-G2,non,4
ETU0422,Droit,L1,Site_A,non,coding|cuisine|lecture|jeux-vidﾃｩo|art,lundi_matin|mardi_matin|jeudi_matin|mardi_aprem,DRO-L1-G2,oui,2
ETU0423,Commerce,M2,Site_B,oui,entrepreneuriat|coding|politique|sport,lundi_aprem|mardi_matin|lundi_matin|vendredi_aprem,COM-M2-G3,oui,3
ETU0424,Gﾃｩnie Civil,M1,Site_B,oui,entrepreneuriat|langues|gaming|cinema,lundi_matin|jeudi_matin|lundi_aprem,Gﾃ丑-M1-G3,oui,2
ETU0425,Architecture,L2,Site_C,non,,mercredi_matin|mercredi_aprem,ARC-L2-G3,non,4
ETU0426,Physique,M1,Site_B,non,photographie|danse|jeux-vidﾃｩo|gaming,jeudi_matin|vendredi_aprem|lundi_aprem,PHY-M1-G1,oui,0
ETU0427,Lettres,L2,Site_C,oui,,vendredi_aprem|jeudi_matin|mercredi_matin,LET-L2-G4,non,2
ETU0428,Architecture,M2,Site_B,oui,coding|sport|jeux-vidﾃｩo,mercredi_matin|lundi_aprem,ARC-M2-G2,oui,1
ETU0429,Biologie,L1,Site_B,non,,lundi_matin,BIO-L1-G4,non,2
ETU0430,Gﾃｩnie Civil,L1,Site_A,oui,,mercredi_matin|mardi_aprem|vendredi_matin|mercredi_aprem,Gﾃ丑-L1-G3,non,1
ETU0431,Mﾃｩdecine,L2,Site_A,oui,,mercredi_aprem,Mﾃ吋-L2-G3,non,3
ETU0432,Physique,M2,Site_C,oui,art|entrepreneuriat|jeux-vidﾃｩo,vendredi_aprem|jeudi_matin|mercredi_matin|mardi_matin,PHY-M2-G4,oui,4
ETU0433,Droit,L1,Site_B,oui,,mardi_matin|mercredi_matin|lundi_matin,DRO-L1-G1,non,2
ETU0434,Mﾃｩdecine,L3,Site_C,oui,,jeudi_aprem|mercredi_matin|lundi_matin|jeudi_matin,Mﾃ吋-L3-G4,non,6
ETU0435,ﾃ営onomie,M2,Site_A,non,,mardi_aprem|jeudi_matin|vendredi_matin,ﾃ韻O-M2-G4,non,1
ETU0436,Mﾃｩdecine,M1,Site_A,oui,cuisine|danse,vendredi_matin|mercredi_matin,Mﾃ吋-M1-G3,oui,2
ETU0437,Commerce,L3,Site_A,oui,,mercredi_matin|lundi_aprem,COM-L3-G4,non,4
ETU0438,Physique,L3,Site_B,oui,sport|jeux-vidﾃｩo|langues|entrepreneuriat,mardi_matin,PHY-L3-G1,oui,2
ETU0439,ﾃ営onomie,L2,Site_C,oui,musique|jeux-vidﾃｩo|sport,mardi_aprem|mercredi_aprem|jeudi_matin|mardi_matin,ﾃ韻O-L2-G4,oui,2
ETU0440,Physique,L1,Site_A,oui,,jeudi_matin|lundi_aprem|jeudi_aprem,PHY-L1-G2,non,0
ETU0441,ﾃ営onomie,M1,Site_A,non,cuisine|gaming|photographie,lundi_matin|mardi_aprem,ﾃ韻O-M1-G4,oui,2
ETU0442,Gﾃｩnie Civil,M2,Site_A,oui,danse|cinema|voyage|jeux-vidﾃｩo|langues,vendredi_matin,Gﾃ丑-M2-G1,oui,2
ETU0443,Physique,L3,Site_A,non,,lundi_aprem|mardi_aprem,PHY-L3-G4,non,2
ETU0444,Informatique,L2,Site_C,oui,gaming|lecture|sport|langues|politique,vendredi_aprem|mardi_matin|mercredi_aprem|jeudi_matin,INF-L2-G1,oui,1
ETU0445,Mﾃｩdecine,M1,Site_C,oui,,lundi_matin,Mﾃ吋-M1-G3,non,2
ETU0446,Mﾃｩdecine,M2,Site_A,oui,voyage|entrepreneuriat|gaming,jeudi_aprem|mardi_aprem|lundi_matin,Mﾃ吋-M2-G4,oui,2
ETU0447,Mﾃｩdecine,L3,Site_B,non,entrepreneuriat|cinema|langues|art|photographie,vendredi_aprem|mardi_matin,Mﾃ吋-L3-G3,oui,2
ETU0448,Physique,L3,Site_C,non,musique|entrepreneuriat|jeux-vidﾃｩo,mercredi_matin|vendredi_aprem|mercredi_aprem|mardi_aprem,PHY-L3-G1,oui,6
ETU0449,Commerce,M1,Site_A,non,gaming|politique|lecture|voyage,vendredi_matin,COM-M1-G4,oui,0
ETU0450,Commerce,M1,Site_A,non,voyage|cuisine|danse|langues,lundi_aprem,COM-M1-G1,oui,0
ETU0451,Mﾃｩdecine,L2,Site_A,oui,lecture|musique|sport|politique|danse,jeudi_aprem|vendredi_matin|mercredi_matin|lundi_matin,Mﾃ吋-L2-G3,oui,1
ETU0452,Architecture,L1,Site_A,non,,lundi_aprem|jeudi_aprem|lundi_matin|mardi_matin,ARC-L1-G4,non,1
ETU0453,Informatique,M2,Site_A,non,,mercredi_matin,INF-M2-G1,non,1
ETU0454,Commerce,L1,Site_A,non,,mardi_aprem|vendredi_aprem|vendredi_matin|mercredi_matin,COM-L1-G2,non,2
ETU0455,Commerce,M1,Site_C,non,danse|photographie|art|langues,lundi_aprem|mardi_matin|vendredi_matin|mercredi_matin,COM-M1-G4,oui,2
ETU0456,Lettres,L2,Site_C,oui,,mercredi_aprem|vendredi_matin|vendredi_aprem,LET-L2-G3,non,3
ETU0457,Biologie,L3,Site_C,non,cuisine|gaming|entrepreneuriat,mercredi_aprem|jeudi_aprem|vendredi_matin,BIO-L3-G4,oui,0
ETU0458,Informatique,L3,Site_C,oui,,lundi_matin|mercredi_matin|mardi_aprem,INF-L3-G2,non,6
ETU0459,Lettres,L1,Site_C,oui,musique|sport|photographie,mardi_matin|vendredi_aprem|mercredi_matin,LET-L1-G3,oui,2
ETU0460,Droit,L2,Site_B,oui,,vendredi_aprem|mardi_aprem|lundi_aprem|mercredi_aprem,DRO-L2-G3,non,3
ETU0461,Mﾃｩdecine,M1,Site_C,non,politique|danse,lundi_matin|jeudi_matin|lundi_aprem,Mﾃ吋-M1-G1,oui,1
ETU0462,Lettres,M1,Site_A,oui,,jeudi_matin,LET-M1-G1,non,1
ETU0463,Commerce,L1,Site_C,oui,,vendredi_matin|mardi_aprem|mardi_matin,COM-L1-G1,non,2
ETU0464,Biologie,M1,Site_C,non,lecture|cuisine,jeudi_matin|mardi_matin|vendredi_matin,BIO-M1-G3,oui,0
ETU0465,Physique,M2,Site_C,oui,musique|cuisine|entrepreneuriat|coding,mardi_matin|jeudi_aprem,PHY-M2-G2,oui,3
ETU0466,Biologie,M2,Site_C,non,,mardi_aprem|lundi_aprem,BIO-M2-G3,non,3
ETU0467,Lettres,M2,Site_C,oui,,mercredi_aprem|vendredi_aprem|mardi_aprem|mardi_matin,LET-M2-G3,non,4
ETU0468,Informatique,L3,Site_B,non,,vendredi_aprem|mardi_matin|jeudi_aprem|lundi_matin,INF-L3-G2,non,1
ETU0469,Lettres,L2,Site_A,oui,lecture|politique,mercredi_matin|lundi_matin,LET-L2-G3,oui,0
ETU0470,ﾃ営onomie,M1,Site_B,oui,,mardi_aprem|vendredi_matin,ﾃ韻O-M1-G3,non,2
ETU0471,Physique,M2,Site_A,non,cuisine|politique,mercredi_matin,PHY-M2-G2,oui,0
ETU0472,ﾃ営onomie,L2,Site_C,oui,photographie|danse,lundi_aprem,ﾃ韻O-L2-G4,oui,2
ETU0473,Lettres,L1,Site_C,oui,,jeudi_matin|vendredi_matin,LET-L1-G1,non,1
ETU0474,Physique,M2,Site_A,oui,,vendredi_matin|lundi_matin|vendredi_aprem|lundi_aprem,PHY-M2-G3,non,2
ETU0475,Physique,M1,Site_A,oui,voyage|danse|cinema|lecture,lundi_matin|mercredi_matin|jeudi_matin,PHY-M1-G1,oui,2
ETU0476,ﾃ営onomie,L2,Site_B,non,,lundi_aprem|jeudi_matin,ﾃ韻O-L2-G2,non,3
ETU0477,Droit,M2,Site_B,non,,jeudi_aprem|vendredi_matin|mardi_matin,DRO-M2-G2,non,1
ETU0478,Architecture,M2,Site_A,oui,art|langues|entrepreneuriat|jeux-vidﾃｩo,mardi_matin|vendredi_aprem|mercredi_aprem|lundi_matin,ARC-M2-G1,oui,1
ETU0479,Lettres,L2,Site_B,oui,cinema|photographie|art|danse|langues,mardi_aprem|lundi_aprem,LET-L2-G2,oui,1
ETU0480,Informatique,M2,Site_C,non,politique|lecture|coding,mercredi_aprem,INF-M2-G1,oui,3
ETU0481,Mﾃｩdecine,M2,Site_B,non,jeux-vidﾃｩo|coding|cuisine|photographie,mardi_matin|vendredi_aprem|mardi_aprem|lundi_aprem,Mﾃ吋-M2-G1,oui,3
ETU0482,Informatique,L3,Site_A,non,gaming|lecture|musique,jeudi_aprem|vendredi_aprem,INF-L3-G3,oui,6
ETU0483,Physique,L2,Site_A,non,,mercredi_aprem|jeudi_matin|lundi_matin|mercredi_matin,PHY-L2-G1,non,3
ETU0484,Physique,L1,Site_A,non,art|sport|entrepreneuriat|cuisine|gaming,mardi_aprem,PHY-L1-G3,oui,1
ETU0485,Biologie,L3,Site_B,oui,cuisine|cinema|politique,vendredi_matin,BIO-L3-G2,oui,3
ETU0486,Physique,L1,Site_A,oui,cuisine|langues|voyage,lundi_matin|mardi_matin|jeudi_aprem|mercredi_matin,PHY-L1-G2,oui,1
ETU0487,Gﾃｩnie Civil,L3,Site_C,non,,lundi_aprem|vendredi_aprem,Gﾃ丑-L3-G1,non,5
ETU0488,Physique,L3,Site_C,oui,,jeudi_matin|vendredi_matin,PHY-L3-G4,non,0
ETU0489,Mﾃｩdecine,L3,Site_C,oui,,mardi_matin|vendredi_aprem,Mﾃ吋-L3-G1,non,3
ETU0490,ﾃ営onomie,L3,Site_B,oui,musique|jeux-vidﾃｩo|lecture,vendredi_aprem,ﾃ韻O-L3-G3,oui,0
ETU0491,Physique,M1,Site_C,oui,lecture|langues|politique|danse|photographie,jeudi_matin|jeudi_aprem|lundi_aprem|mercredi_matin,PHY-M1-G1,oui,0
ETU0492,Commerce,L3,Site_C,oui,jeux-vidﾃｩo|langues,mercredi_aprem,COM-L3-G1,oui,1
ETU0493,Informatique,M2,Site_B,oui,sport|musique,mardi_matin|vendredi_aprem|mercredi_matin|jeudi_aprem,INF-M2-G2,oui,3
ETU0494,Architecture,L3,Site_A,oui,voyage|cuisine|musique|coding,mercredi_matin,ARC-L3-G4,oui,1
ETU0495,Gﾃｩnie Civil,L3,Site_B,non,,mardi_aprem|lundi_matin,Gﾃ丑-L3-G1,non,4
ETU0496,Commerce,L1,Site_C,non,,jeudi_matin|mercredi_aprem|mercredi_matin,COM-L1-G3,non,0
ETU0497,Architecture,M2,Site_C,non,,jeudi_aprem|mardi_matin|mardi_aprem|mercredi_aprem,ARC-M2-G3,non,1
ETU0498,Informatique,L1,Site_C,oui,,vendredi_aprem|jeudi_matin,INF-L1-G4,non,0
ETU0499,Lettres,L3,Site_C,oui,,mardi_aprem,LET-L3-G3,non,2
ETU0500,Gﾃｩnie Civil,L3,Site_C,oui,,lundi_aprem,Gﾃ丑-L3-G3,non,2
